site,age_mean,age_std,bmi_mean
site a,81.18538565629228,13.57045173497004,26.253179972936397
site b,80.43660823481451,13.313686131559175,26.12625356706074
site c,80.7346840328027,13.22594845220732,26.321225277375785
site d,80.74350433044637,13.35795017127059,26.308061292471688
site e,80.40609636184857,13.600576144384815,26.30796460176991
