site,age_mean,age_std,bmi_mean
site a,56.36400541271989,162.5362917487149,25.875182735816217
site b,62.40195678760701,139.05017999752442,25.70668085106383
site c,57.31210805595755,157.9418681640632,25.789583333333333
site d,63.49100599600266,136.14005809846694,25.565682137834038
site e,57.064896755162245,157.69764413385596,25.47650158061117
